{"action": {"mean": [-0.0006548762903548777, 0.028103606775403023, -0.3309392035007477], "std": [0.02629489079117775, 0.03261290118098259, 0.0207085981965065], "max": [0.035999998450279236, 0.08100000023841858, 0.0], "min": [-0.04500000178813934, -0.014999999664723873, -0.36000001430511475], "p99": [0.035999998450279236, 0.08100000023841858, -0.28999999165534973], "p01": [-0.04500000178813934, -0.014999999664723873, -0.36000001430511475]}, "num_transitions": 11861, "num_trajectories": 10, "proprio": {"mean": [-1.033409595489502, -0.23956376314163208, 1.4553967839919801e-12, -0.0008348693954758346, 0.019608046859502792, 2.737655380169457e-10, 0.6982123851776123, -0.6982123851776123, -1.3929084448360829e-11, -0.05186644196510315], "std": [0.04247254133224487, 0.0098437974229455, 1.4948342043352714e-12, 0.020127831026911736, 0.02892371453344822, 2.7607207186974847e-08, 8.070078183664009e-05, 8.072010678006336e-05, 1.915874230096204e-11, 0.06661014258861542], "max": [0.0, 0.0, 4.5360885186918054e-12, 0.039036739617586136, 0.08400443941354752, 2.7806452180811903e-06, 0.6981316804885864, -0.6980918645858765, 0.0, 0.0], "min": [-1.0351320505142212, -0.23993642628192902, 0.0, -0.04503677785396576, -0.015003157779574394, -6.409139814422815e-07, 0.6981316208839417, -0.6981316804885864, -8.990564542843416e-11, -0.20415839552879333], "p99": [-1.0351320505142212, -0.2399309128522873, 4.024760125870275e-12, 0.03900165855884552, 0.08400443941354752, 2.420437739125702e-10, 0.6981316804885864, -0.6981315612792969, 0.0, 0.0], "p01": [-1.0351320505142212, -0.23993642628192902, 0.0, -0.045001618564128876, -0.015001215972006321, -2.4741661497351686e-10, 0.6981316804885864, -0.6981316804885864, -7.240011229425747e-11, -0.19432531595230101]}}