{"action": {"max": [0.04800000041723251, 0.08399999886751175, 0.0], "mean": [-0.0007782735046930611, 0.02476474642753601, -0.3085244596004486], "min": [-0.041999999433755875, -0.06300000101327896, -0.36000001430511475], "p01": [-0.041999999433755875, -0.06300000101327896, -0.36000001430511475], "p99": [0.04800000041723251, 0.08399999886751175, -0.2800000011920929], "std": [0.02716156095266342, 0.039496466517448425, 0.02279011160135269]}, "num_trajectories": 50, "num_transitions": 49771, "proprio": {"max": [0.0, 0.0, 4.645234717715052e-12, 0.04813571646809578, 0.1035914272069931, 2.7843136649607914e-06, 0.6981316804885864, -0.6979978084564209, 0.0, 0.0], "mean": [-1.0330760478973389, -0.2394951730966568, 1.696626563199577e-12, -0.00017642749298829585, 0.014357730746269226, -1.5936930594651066e-11, 0.6978291869163513, -0.6978291869163513, -1.3627362259460707e-11, -0.036840490996837616], "min": [-1.0351320505142212, -0.23993642628192902, 0.0, -0.04209822043776512, -0.06300139427185059, -1.7785050658858381e-06, 0.6981315612792969, -0.6981881856918335, -1.1049140768992771e-10, -0.1990148276090622], "p01": [-1.0351320505142212, -0.23993642628192902, 0.0, -0.042000096291303635, -0.060003869235515594, -3.319355346143027e-10, 0.6981316804885864, -0.6981316804885864, -7.275542668327972e-11, -0.17875440418720245], "p99": [-1.0351320505142212, -0.2399309128522873, 4.047168416371205e-12, 0.048000212758779526, 0.08399771898984909, 3.0974989240206696e-10, 0.6981316804885864, -0.6981315612792969, 0.0, 0.0], "std": [0.04636251553893089, 0.010742822661995888, 1.4686267610017345e-12, 0.020001569762825966, 0.030888201668858528, 2.447260705196186e-08, 0.0003024387115146965, 0.00030242674984037876, 1.8926056902235366e-11, 0.057811181992292404]}}